customer_id,customer_name,recency_days,frequency_orders,monetary_sales,monetary_profit,r_score,f_score,m_score,customer_segment
JM-15580,Jill Matthias,1,6,3664.46,112.52,5,5,5,Champions
EB-13975,Erica Bern,2,4,2401.26,162.88,5,3,4,Loyal Customers
PO-18865,Patrick O'Donnell,2,5,2470.1,305.67,5,4,4,Champions
CC-12430,Chuck Clark,2,9,3442.29,364.27,5,5,5,Champions
BS-11755,Bruce Stewart,3,4,2405.57,198.79,5,3,4,Loyal Customers
KH-16360,Katherine Hughes,3,4,3050.72,560.62,5,4,4,Champions
KB-16600,Ken Brennan,3,5,1964.06,274.03,5,4,3,Loyal Customers
MC-17845,Michael Chen,3,5,2176.15,302.66,5,4,4,Champions
JG-15160,James Galang,3,7,2178.34,300.21,5,5,4,Champions
BP-11185,Ben Peterman,3,7,4370.43,296.84,5,5,5,Champions
GH-14665,Greg Hansen,4,1,551.02,-8.88,5,1,1,New Customers
JF-15415,Jennifer Ferguson,4,2,3079.73,550.85,5,2,4,New Customers
PC-18745,Pamela Coakley,4,3,455.58,76.0,5,2,1,New Customers
KH-16690,Kristen Hastings,4,3,484.56,225.17,5,2,1,New Customers
LO-17170,Lori Olson,4,3,2730.4,115.72,5,3,4,Loyal Customers
EH-14005,Erica Hernandez,4,5,1367.19,154.63,5,4,3,Loyal Customers
JG-15310,Jason Gross,4,6,1940.58,3.8,5,5,3,Loyal Customers
HM-14860,Harry Marie,4,7,3086.08,66.11,5,5,4,Champions
CS-12400,Christopher Schild,4,7,4075.4,-499.13,5,5,5,Champions
SV-20935,Susan Vittorini,4,8,3665.49,106.89,5,5,5,Champions
DR-12880,Dan Reichenbach,5,7,7475.8,1213.22,5,5,5,Champions
YC-21895,Yoseph Carroll,6,3,2635.16,464.8,5,3,4,Loyal Customers
TC-21535,Tracy Collins,6,4,1022.16,183.93,5,3,2,Potential Loyalists
KB-16240,Karen Bern,6,4,3387.63,745.37,5,4,5,Champions
PO-18850,Patrick O'Brill,6,7,7453.98,-25.15,5,5,5,Champions
JH-15430,Jennifer Halladay,7,3,1243.61,-42.87,5,2,2,New Customers
GD-14590,Giulietta Dortch,7,3,2157.75,208.93,5,3,4,Loyal Customers
FH-14365,Fred Hopkins,7,5,1305.16,83.0,5,4,3,Loyal Customers
RA-19285,Ralph Arnett,7,5,2009.67,310.9,5,4,4,Champions
GA-14725,Guy Armstrong,7,5,2810.56,23.48,5,4,4,Champions
JW-15955,Joni Wasserman,7,6,1946.93,172.07,5,5,3,Loyal Customers
CV-12805,Cynthia Voltz,7,9,3511.31,99.0,5,5,5,Champions
MH-18115,Mick Hernandez,7,9,7813.09,170.97,5,5,5,Champions
RM-19675,Robert Marley,8,1,1008.43,1041.91,5,1,2,New Customers
JL-15175,James Lanier,8,3,1440.06,108.65,5,2,3,New Customers
AR-10540,Andy Reiter,8,3,6353.82,2617.22,5,3,5,Loyal Customers
NS-18505,Neola Schneider,8,4,3292.86,-12.3,5,4,5,Champions
AC-10615,Ann Chong,8,4,5079.93,331.12,5,4,5,Champions
RF-19840,Roy Französisch,8,5,1367.18,263.79,5,4,3,Loyal Customers
HG-15025,Hunter Glantz,8,5,1543.24,132.26,5,4,3,Loyal Customers
NC-18535,Nick Crebassa,8,5,6700.56,623.82,5,4,5,Champions
AH-10210,Alan Hwang,8,6,3310.14,952.22,5,5,5,Champions
CS-12355,Christine Sundaresam,8,7,2915.14,466.81,5,5,4,Champions
DP-13105,Dave Poirier,8,7,3456.89,546.89,5,5,5,Champions
MF-18250,Monica Federle,9,1,3513.87,287.24,5,1,5,New Customers
DK-12985,Darren Koutras,9,2,1447.48,-22.85,5,2,3,New Customers
JB-16045,Julia Barnett,9,4,2281.24,94.98,5,3,4,Loyal Customers
GZ-14470,Gary Zandusky,9,5,3323.46,911.01,5,4,5,Champions
JB-15400,Jennifer Braxton,9,6,2100.8,152.57,5,5,4,Champions
MM-17920,Michael Moore,9,7,3748.95,399.99,5,5,5,Champions
FM-14215,Filia McAdams,9,8,1987.49,20.91,5,5,3,Loyal Customers
SG-20080,Sandra Glassco,10,1,468.43,218.25,5,1,1,New Customers
SK-19990,Sally Knutson,10,3,652.41,168.79,5,2,2,New Customers
CM-12190,Charlotte Melton,10,3,972.99,74.32,5,2,2,New Customers
CM-12115,Chad McGuire,10,3,1846.97,400.95,5,3,3,Loyal Customers
JM-15655,Jim Mitchum,10,4,1800.57,109.48,5,3,3,Loyal Customers
JL-15130,Jack Lebron,10,4,2006.3,-217.18,5,3,4,Loyal Customers
JP-15520,Jeremy Pistek,10,4,2794.08,552.78,5,3,4,Loyal Customers
SR-20425,Sharelle Roach,10,4,3726.54,-3391.41,5,4,5,Champions
AG-10330,Alex Grayson,10,5,2639.99,-5.14,5,4,4,Champions
TP-21130,Theone Pippenger,10,7,3431.04,1130.98,5,5,5,Champions
BD-11635,Brian Derr,11,1,315.0,27.69,5,1,1,New Customers
BN-11515,Bradley Nguyen,11,3,1690.63,155.33,5,3,3,Loyal Customers
YS-21880,Yana Sorensen,11,5,5956.26,1524.11,5,4,5,Champions
LP-17095,Liz Preis,11,7,4311.4,338.45,5,5,5,Champions
SE-20110,Sanjit Engle,11,7,7821.98,2436.95,5,5,5,Champions
DB-13210,Dean Braden,11,9,3185.51,211.76,5,5,5,Champions
RB-19465,Rick Bensley,11,10,4554.33,303.59,5,5,5,Champions
PK-19075,Pete Kriz,11,11,8812.05,2024.95,5,5,5,Champions
DK-13150,David Kendrick,12,1,1365.27,171.44,5,1,3,New Customers
DK-13225,Dean Katz,12,6,7581.8,543.91,5,5,5,Champions
AC-10450,Amy Cox,13,4,5107.63,1257.51,5,4,5,Champions
TS-21505,Tony Sayre,13,5,3069.96,-76.08,5,4,4,Champions
AH-10030,Aaron Hawkins,14,2,429.15,40.38,5,1,1,New Customers
DJ-13630,Doug Jacobs,14,2,4303.43,695.57,5,2,5,New Customers
RA-19915,Russell Applegate,14,3,2110.89,144.6,5,3,4,Loyal Customers
HE-14800,Harold Engle,14,4,2057.53,274.4,5,3,4,Loyal Customers
DB-13660,Duane Benoit,14,5,3417.76,163.95,5,4,5,Champions
BP-11290,Beth Paige,14,6,3650.88,-248.96,5,5,5,Champions
TT-21460,Tonja Turnell,14,6,4209.7,843.38,5,5,5,Champions
EP-13915,Emily Phan,14,14,7230.63,-391.24,5,5,5,Champions
VF-21715,Vicky Freymann,15,3,1088.36,62.48,5,2,2,New Customers
GB-14575,Giulietta Baptist,15,3,1424.3,368.25,5,2,3,New Customers
HR-14770,Hallie Redmond,15,3,1833.95,135.86,5,3,3,Loyal Customers
CA-12310,Christine Abelman,15,3,2478.72,145.03,5,3,4,Loyal Customers
AI-10855,Arianne Irving,15,5,2841.77,562.45,5,4,4,Champions
AT-10735,Annie Thurman,15,7,2220.22,163.37,5,5,4,Champions
LC-17140,Logan Currie,15,7,3756.91,237.73,5,5,5,Champions
AR-10510,Andrew Roberts,16,2,620.77,24.08,5,1,2,New Customers
AY-10555,Andy Yotov,16,2,1407.01,37.74,5,2,3,New Customers
KM-16225,Kalyca Meade,16,4,2629.14,185.42,5,3,4,Loyal Customers
RD-19810,Ross DeVincentis,16,7,3144.3,310.8,5,5,4,Champions
KM-16660,Khloe Miller,17,3,2244.14,53.62,5,3,4,Loyal Customers
PL-18925,Paul Lucas,17,4,974.68,-32.58,5,3,2,Potential Loyalists
SS-20140,Saphhira Shifley,17,6,2876.74,394.59,5,5,4,Champions
GM-14455,Gary Mitchum,18,4,3158.1,477.12,5,4,5,Champions
MP-18175,Mike Pelletier,18,5,2544.61,-175.96,5,4,4,Champions
DB-13060,Dave Brooks,18,5,3791.39,63.27,5,4,5,Champions
LC-16885,Lena Creighton,18,6,1659.7,79.53,5,5,3,Loyal Customers
BF-11170,Ben Ferrer,18,6,3035.73,1135.24,5,5,4,Champions
KL-16555,Kelly Lampkin,18,6,4034.79,-113.53,5,5,5,Champions
MW-18220,Mitch Webber,19,2,413.44,8.99,5,1,1,New Customers
BP-11095,Bart Pistole,19,6,1534.74,248.32,5,5,3,Loyal Customers
RS-19870,Roy Skaria,21,2,711.33,9.58,5,1,2,New Customers
RR-19315,Ralph Ritter,21,2,1501.93,-73.83,5,2,3,New Customers
RB-19435,Richard Bierner,21,2,1803.89,362.54,5,2,3,New Customers
AA-10375,Allen Armold,21,4,2015.02,191.64,5,3,4,Loyal Customers
MV-18190,Mike Vittorini,21,4,2188.23,246.84,5,3,4,Loyal Customers
DV-13045,Darrin Van Huff,21,5,1648.48,-427.18,5,4,3,Loyal Customers
KN-16390,Katherine Nockton,21,5,1682.99,10.25,5,4,3,Loyal Customers
DK-13375,Dennis Kane,21,5,3048.21,363.64,5,4,4,Champions
NB-18655,Nona Balk,21,6,2060.89,-96.81,5,5,4,Champions
AS-10285,Alejandro Savely,21,6,3538.24,354.63,5,5,5,Champions
AW-10840,Anthony Witt,22,2,1102.23,79.27,5,2,2,New Customers
JE-16165,Justin Ellison,22,3,2263.25,789.65,5,3,4,Loyal Customers
HA-14920,Helen Andreada,22,4,1518.75,-41.96,5,3,3,Loyal Customers
BT-11680,Brian Thompson,22,4,1606.64,211.94,5,3,3,Loyal Customers
LS-16975,Lindsay Shagiari,22,5,2705.85,233.0,5,4,4,Champions
SU-20665,Stephanie Ulpright,22,6,2949.56,687.07,5,5,4,Champions
WB-21850,William Brown,22,6,4426.23,695.16,5,5,5,Champions
CC-12220,Chris Cortes,22,8,4100.03,360.54,5,5,5,Champions
AH-10585,Angele Hood,23,3,463.62,42.37,5,2,1,New Customers
AT-10435,Alyssa Tate,23,3,1378.07,102.56,5,2,3,New Customers
LE-16810,Laurel Elliston,23,3,1548.65,169.52,5,2,3,New Customers
LH-16900,Lena Hernandez,23,4,872.34,122.87,5,3,2,Potential Loyalists
HF-14995,Herbert Flentye,23,5,2973.58,-146.83,5,4,4,Champions
RD-19720,Roger Demir,23,6,1365.99,109.81,5,5,3,Loyal Customers
LW-17215,Luke Weiss,23,6,1955.22,416.65,5,5,3,Loyal Customers
DB-12910,Daniel Byrd,23,7,2355.23,427.75,5,5,4,Champions
JL-15835,John Lee,23,7,8765.33,839.96,5,5,5,Champions
DK-12835,Damala Kotsonis,23,8,3265.22,534.61,5,5,5,Champions
KH-16510,Keith Herrera,24,2,3093.24,431.29,5,2,4,New Customers
LF-17185,Luke Foster,24,3,557.9,71.89,5,2,1,New Customers
CW-11905,Carl Weiss,24,3,987.03,332.56,5,2,2,New Customers
AS-10225,Alan Schoenberger,24,3,2603.18,262.22,5,3,4,Loyal Customers
EG-13900,Emily Grady,24,4,1759.3,48.9,5,3,3,Loyal Customers
DL-13315,Delfina Latchford,24,5,1550.13,300.77,5,4,3,Loyal Customers
DM-13345,Denise Monton,24,5,4266.08,1312.51,5,4,5,Champions
MJ-17740,Max Jones,24,6,6323.43,1132.48,5,5,5,Champions
DC-13285,Debra Catini,25,3,515.91,21.52,5,2,1,New Customers
BH-11710,Brosina Hoffman,25,4,2356.02,561.14,5,3,4,Loyal Customers
FP-14320,Frank Preis,25,5,1971.13,409.02,5,4,3,Loyal Customers
DS-13180,David Smith,25,5,2435.45,-76.47,5,4,4,Champions
HG-14965,Henry Goldwyn,25,6,3233.82,-2835.25,5,5,5,Champions
SH-20395,Shahid Hopkins,25,7,782.79,105.44,5,5,2,Potential Loyalists
BN-11470,Brad Norvell,26,2,338.3,7.85,5,1,1,New Customers
NP-18325,Naresj Patel,27,1,107.94,41.82,5,1,1,New Customers
BF-11080,Bart Folk,27,2,645.28,106.97,5,1,2,New Customers
PB-18805,Patrick Bzostek,27,2,1007.16,221.67,5,2,2,New Customers
AB-10165,Alan Barnes,27,4,905.27,141.73,5,3,2,Potential Loyalists
RB-19570,Rob Beeghly,27,5,926.55,76.89,5,4,2,Potential Loyalists
QJ-19255,Quincy Jones,27,5,1522.78,69.18,5,4,3,Loyal Customers
SM-20950,Suzanne McNair,27,6,2599.59,485.29,5,5,4,Champions
CS-11950,Carlos Soltero,27,8,2180.36,-54.82,5,5,4,Champions
LT-16765,Larry Tron,28,1,178.35,23.23,5,1,1,New Customers
MS-17980,Michael Stewart,28,1,920.01,-20.38,4,1,2,New Customers
KE-16420,Katrina Edelman,28,3,498.21,0.61,4,2,1,New Customers
LR-16915,Lena Radford,28,4,2668.93,-99.89,4,3,4,Loyal Customers
CS-12250,Chris Selesnick,28,6,1471.99,196.4,4,5,3,Loyal Customers
DO-13645,Doug O'Connell,28,6,1836.68,267.24,4,5,3,Loyal Customers
CM-12160,Charles McCrossin,28,6,1959.31,-394.37,4,5,3,Loyal Customers
CB-12415,Christy Brittain,28,7,2126.78,275.88,4,5,4,Champions
CS-12460,Chuck Sachs,29,2,939.64,156.26,4,2,2,New Customers
CC-12550,Clay Cheatham,29,3,541.83,33.87,4,2,1,New Customers
MC-17575,Matt Collins,29,4,3997.68,154.32,4,4,5,Champions
CM-12655,Corinna Mitchell,29,4,4621.09,1455.83,4,4,5,Champions
MV-17485,Mark Van Huff,29,6,1590.76,174.95,4,5,3,Loyal Customers
ND-18370,Natalie DeCherney,29,6,1959.5,-24.77,4,5,3,Loyal Customers
TC-21295,Toby Carlisle,29,6,2599.6,203.84,4,5,4,Champions
LC-16870,Lena Cacioppo,29,6,3158.72,-295.89,4,5,5,Champions
JK-16090,Juliana Krohn,30,2,1192.58,357.77,4,2,2,New Customers
KM-16720,Kunst Miller,30,2,1383.21,419.59,4,2,3,New Customers
AM-10360,Alice McCarthy,30,3,909.96,8.41,4,2,2,New Customers
BS-11380,Bill Stewart,30,3,3111.86,-228.1,4,3,4,Loyal Customers
GW-14605,Giulietta Weimer,30,4,724.3,-406.51,4,3,2,Potential Loyalists
BG-11035,Barry Gonzalez,30,4,964.64,233.91,4,3,2,Potential Loyalists
RP-19855,Roy Phan,30,5,954.54,162.85,4,4,2,Potential Loyalists
ME-17725,Max Engle,30,5,2741.04,21.77,4,4,4,Champions
JS-16030,Joy Smith,30,5,3197.04,-314.66,4,4,5,Champions
VW-21775,Victoria Wilson,30,5,4082.23,377.07,4,4,5,Champions
AS-10090,Adam Shillingsburg,30,6,2066.19,-308.88,4,5,4,Champions
MK-17905,Michael Kennedy,30,6,2173.58,-449.18,4,5,4,Champions
ES-14080,Erin Smith,30,7,3687.88,140.07,4,5,5,Champions
BB-11545,Brenda Bowman,30,7,6183.56,1092.92,4,5,5,Champions
JH-15985,Joseph Holt,31,3,810.47,140.7,4,2,2,New Customers
DV-13465,Dianna Vittorini,31,3,1726.02,241.6,4,3,3,Loyal Customers
SJ-20215,Sarah Jordon,31,4,1409.76,-29.42,4,3,3,Loyal Customers
SO-20335,Sean O'Donnell,31,4,1473.06,201.23,4,3,3,Loyal Customers
AD-10180,Alan Dominguez,31,4,5924.89,1866.93,4,4,5,Champions
SC-20305,Sean Christensen,31,5,1334.55,135.76,4,4,3,Loyal Customers
CC-12670,Craig Carreira,31,5,2000.87,168.01,4,4,3,Loyal Customers
MY-17380,Maribeth Yedwab,31,6,2617.53,316.47,4,5,4,Champions
MG-17650,Matthew Grinstein,31,6,2846.94,317.53,4,5,4,Champions
ML-17755,Max Ludwig,31,7,2649.91,409.51,4,5,4,Champions
SH-19975,Sally Hughsby,31,11,3381.49,447.91,4,5,5,Champions
VP-21730,Victor Preis,32,2,1099.9,196.46,4,2,2,New Customers
HP-14815,Harold Pawlan,32,2,1613.29,293.88,4,2,3,New Customers
SC-20800,Stuart Calhoun,32,3,291.93,11.19,4,2,1,New Customers
MZ-17335,Maria Zettner,32,3,427.64,15.66,4,2,1,New Customers
SW-20275,Scott Williamson,32,5,2192.27,322.13,4,4,4,Champions
TB-21625,Trudy Brown,32,5,2590.86,304.35,4,4,4,Champions
SC-20380,Shahid Collister,32,6,5948.11,245.29,4,5,5,Champions
PN-18775,Parhena Norris,32,7,2012.0,185.58,4,5,4,Champions
TT-21070,Ted Trevino,33,3,4021.15,425.42,4,3,5,Loyal Customers
DG-13300,Deirdre Greer,34,2,653.29,540.29,4,1,2,New Customers
RH-19495,Rick Hansen,34,3,411.66,48.2,4,2,1,New Customers
RB-19795,Ross Baird,34,6,3175.86,-450.76,4,5,5,Champions
RP-19390,Resi Pölking,35,3,898.83,182.72,4,2,2,New Customers
JR-16210,Justin Ritter,35,4,1739.57,299.99,4,3,3,Loyal Customers
DB-13615,Doug Bickford,35,5,1327.77,83.22,4,4,3,Loyal Customers
LW-16990,Lindsay Williams,35,6,3669.31,662.83,4,5,5,Champions
BM-11650,Brian Moss,35,6,3956.28,1936.15,4,5,5,Champions
BD-11320,Bill Donatelli,35,10,3740.93,295.01,4,5,5,Champions
GT-14755,Guy Thornton,36,3,405.83,-33.34,4,2,1,New Customers
LS-17245,Lynn Smith,36,3,493.21,112.96,4,2,1,New Customers
CC-12610,Corey Catlett,36,4,603.09,-168.5,4,3,2,Potential Loyalists
LT-17110,Liz Thompson,36,4,1031.12,6.35,4,3,2,Potential Loyalists
MN-17935,Michael Nguyen,36,4,3942.57,259.65,4,4,5,Champions
FG-14260,Frank Gastineau,36,5,1012.02,80.43,4,4,2,Potential Loyalists
AH-10075,Adam Hart,36,8,3900.11,278.45,4,5,5,Champions
TZ-21580,Tracy Zic,37,2,593.01,77.31,4,1,2,New Customers
BS-11590,Brendan Sweed,37,2,748.36,180.83,4,2,2,New Customers
BD-11500,Bradley Drucker,37,2,3567.63,762.07,4,2,5,New Customers
RO-19780,Rose O'Brian,37,4,2374.93,-264.58,4,3,4,Loyal Customers
HZ-14950,Henia Zydlo,37,5,3237.52,-130.39,4,4,5,Champions
SZ-20035,Sam Zeldin,37,7,2086.03,99.75,4,5,4,Champions
EB-13750,Edward Becker,37,8,2046.7,-257.7,4,5,4,Champions
PR-18880,Patrick Ryan,38,2,1986.93,207.35,4,2,3,New Customers
SC-20440,Shaun Chance,38,3,826.69,4.29,4,2,2,New Customers
TS-21370,Todd Sumrall,38,3,6952.29,1218.01,4,3,5,Loyal Customers
MD-17860,Michael Dominguez,38,4,1410.13,43.3,4,3,3,Loyal Customers
BG-11695,Brooke Gillingham,38,4,1952.09,69.58,4,3,3,Loyal Customers
KA-16525,Kelly Andreada,38,4,3368.94,107.94,4,4,5,Champions
RS-19765,Roland Schwarz,38,5,2465.81,649.39,4,4,4,Champions
FM-14290,Frank Merwin,38,7,4737.66,174.1,4,5,5,Champions
GT-14710,Greg Tran,38,8,3629.15,450.46,4,5,5,Champions
PG-18820,Patrick Gardner,38,9,3053.23,647.69,4,5,4,Champions
CM-12385,Christopher Martinez,39,2,2650.76,702.43,4,2,4,New Customers
JM-15265,Janet Molinari,39,3,1491.49,455.82,4,2,3,New Customers
JP-15460,Jennifer Patt,39,5,1754.21,318.0,4,4,3,Loyal Customers
DC-12850,Dan Campbell,39,6,3834.01,-1368.66,4,5,5,Champions
JM-15250,Janet Martin,39,6,4155.12,19.82,4,5,5,Champions
TD-20995,Tamara Dahlen,39,7,2228.5,83.85,4,5,4,Champions
FH-14275,Frank Hawley,39,8,3570.92,776.1,4,5,5,Champions
FO-14305,Frank Olsen,40,6,1086.47,-48.41,4,4,2,Potential Loyalists
BP-11230,Benjamin Patterson,41,3,201.6,30.91,4,2,1,New Customers
BF-11005,Barry Franz,41,3,1788.3,-293.75,4,3,3,Loyal Customers
PJ-18835,Patrick Jones,41,5,546.51,52.16,4,4,1,Potential Loyalists
CC-12475,Cindy Chapman,41,8,2094.04,151.47,4,5,4,Champions
CK-12205,Chloris Kastensmidt,41,8,3069.11,52.76,4,5,4,Champions
LP-17080,Liz Pelletier,42,3,1102.33,109.82,4,2,2,New Customers
CD-11920,Carlos Daly,42,3,1976.15,397.21,4,3,3,Loyal Customers
ES-14020,Erica Smith,42,3,3514.32,944.02,4,3,5,Loyal Customers
KH-16330,Katharine Harms,42,5,2881.86,193.92,4,4,4,Champions
SC-20050,Sample Company A,42,7,1763.21,238.11,4,5,3,Loyal Customers
AS-10135,Adrian Shami,43,2,265.82,21.85,4,1,1,New Customers
KD-16345,Katherine Ducich,43,2,337.28,20.36,4,1,1,New Customers
NC-18415,Nathan Cano,43,2,2207.53,-2251.08,4,2,4,New Customers
AB-10150,Aimee Bixby,43,3,633.21,45.45,4,2,2,New Customers
DD-13570,Dorothy Dickinson,43,4,646.3,45.07,4,3,2,Potential Loyalists
MC-18100,Mick Crebagga,43,4,1478.22,27.6,4,3,3,Loyal Customers
JD-16150,Justin Deggeller,43,4,4947.65,1389.33,4,4,5,Champions
JH-15910,Jonathan Howell,43,5,892.63,-62.21,4,4,2,Potential Loyalists
AP-10720,Anne Pryor,43,6,1599.32,232.5,4,5,3,Loyal Customers
AF-10870,Art Ferguson,43,6,2482.13,315.95,4,5,4,Champions
SC-20770,Stewart Carmichael,43,6,4447.04,-818.91,4,5,5,Champions
LC-16930,Linda Cazamias,43,7,4550.32,258.93,4,5,5,Champions
AB-10105,Adrian Barton,43,8,6276.91,5088.94,4,5,5,Champions
RD-19930,Russell D'Ascenzo,44,2,589.07,19.34,4,1,2,New Customers
CD-12280,Christina DeMoss,44,2,1889.58,233.03,4,2,3,New Customers
JS-15685,Jim Sink,44,4,1699.06,-54.87,4,3,3,Loyal Customers
DK-13090,Dave Kipp,44,5,3246.19,362.69,4,4,5,Champions
JW-15220,Jane Waco,44,5,7933.55,2084.51,4,4,5,Champions
ME-17320,Maria Etezadi,44,8,6665.06,525.54,4,5,5,Champions
RA-19885,Ruben Ausman,45,4,2082.18,514.71,4,3,4,Loyal Customers
HL-15040,Hunter Lopez,45,4,6091.11,5174.4,4,4,5,Champions
CC-12370,Christopher Conant,45,5,6362.07,2177.05,4,4,5,Champions
JB-16000,Joy Bell-,45,7,908.12,126.76,4,5,2,Potential Loyalists
GG-14650,Greg Guthrie,45,7,1793.27,5.87,4,5,3,Loyal Customers
XP-21865,Xylona Preis,45,7,1797.69,394.47,4,5,3,Loyal Customers
CK-12595,Clytie Kelty,45,8,2046.99,533.16,4,5,4,Champions
EK-13795,Eileen Kiefer,46,1,129.36,6.07,4,1,1,New Customers
MW-18235,Mitch Willingham,46,1,1931.98,216.0,4,1,3,New Customers
JK-15370,Jay Kimmel,46,5,1584.78,162.95,4,4,3,Loyal Customers
MB-18085,Mick Brown,46,6,1736.69,112.92,4,5,3,Loyal Customers
DK-12895,Dana Kaydos,47,3,2077.55,328.05,4,3,4,Loyal Customers
AW-10930,Arthur Wiediger,48,5,2642.82,-126.23,4,4,4,Champions
JE-15715,Joe Elijah,48,7,7709.99,1271.09,4,5,5,Champions
PW-19030,Pauline Webber,48,8,3463.15,771.2,4,5,5,Champions
EM-14065,Erin Mull,49,3,300.05,-19.11,4,2,1,New Customers
SB-20290,Sean Braxton,49,3,1817.31,-890.16,4,3,3,Loyal Customers
SP-20620,Stefania Perrino,49,5,5433.25,-337.26,4,4,5,Champions
CB-12025,Cassandra Brandow,49,6,2153.05,-78.51,4,5,4,Champions
KL-16645,Ken Lonsdale,49,7,5099.09,158.72,4,5,5,Champions
NG-18430,Nathan Gelder,50,1,924.16,28.27,4,1,2,New Customers
DB-13120,David Bremer,50,2,905.54,-1136.72,4,2,2,New Customers
LB-16735,Larry Blacks,50,3,204.19,18.65,4,2,1,New Customers
NG-18355,Nat Gilpin,50,3,2489.06,86.5,4,3,4,Loyal Customers
SF-20965,Sylvia Foulston,50,4,2302.26,78.68,4,3,4,Loyal Customers
EM-14140,Eugene Moren,50,4,4163.8,1045.74,4,4,5,Champions
MB-17305,Maria Bertelson,50,5,1450.14,148.59,4,4,3,Loyal Customers
EB-13705,Ed Braxton,50,5,2625.72,93.02,4,4,4,Champions
JE-15610,Jim Epp,50,5,4824.41,1725.79,4,4,5,Champions
DJ-13510,Don Jones,50,7,3413.9,157.51,4,5,5,Champions
TB-21190,Thomas Brumley,51,2,266.72,13.98,4,1,1,New Customers
MH-18025,Michelle Huthwaite,51,3,2451.22,375.09,4,3,4,Loyal Customers
MT-17815,Meg Tillman,51,4,3002.9,507.23,4,3,4,Loyal Customers
JL-15505,Jeremy Lonsdale,51,4,3751.35,550.44,4,4,5,Champions
CG-12040,Catherine Glotzbach,51,5,1089.71,80.75,4,4,2,Potential Loyalists
GH-14425,Gary Hwang,52,1,129.79,43.6,4,1,1,New Customers
AB-10600,Ann Blume,52,1,1680.05,-256.57,3,1,3,Potential Loyalists
DR-12940,Daniel Raglin,52,4,6408.62,2549.73,3,4,5,Loyal Customers
PM-19135,Peter McVee,53,3,329.69,99.94,3,2,1,Potential Loyalists
MC-17590,Matt Collister,53,4,1165.0,426.19,3,3,2,Potential Loyalists
JE-15745,Joel Eaton,53,7,2878.24,686.76,3,5,4,Loyal Customers
KN-16450,Kean Nguyen,54,1,291.2,112.42,3,1,1,Potential Loyalists
EC-14050,Erin Creighton,55,4,837.43,100.45,3,3,2,Potential Loyalists
DB-13270,Deborah Brumfield,55,5,2769.89,795.01,3,4,4,Loyal Customers
RB-19705,Roger Barcio,56,2,2030.87,325.85,3,2,4,Potential Loyalists
CD-11980,Carol Darley,56,3,913.77,-206.72,3,2,2,Potential Loyalists
HG-14845,Harry Greene,56,3,1328.32,127.41,3,2,3,Potential Loyalists
LC-17050,Liz Carlisle,56,3,1595.96,214.87,3,3,3,Loyal Customers
VB-21745,Victoria Brennan,56,4,1809.41,286.63,3,3,3,Loyal Customers
VM-21685,Valerie Mitchum,56,5,2564.05,439.1,3,4,4,Loyal Customers
ML-17410,Maris LaWare,56,5,2868.77,-330.42,3,4,4,Loyal Customers
JF-15565,Jill Fjeld,56,5,3422.19,847.31,3,4,5,Loyal Customers
ZC-21910,Zuschuss Carroll,56,7,4130.8,-1668.67,3,5,5,Loyal Customers
AB-10060,Adam Bellavance,56,7,8167.08,2045.87,3,5,5,Loyal Customers
AA-10645,Anna Andreadi,57,3,1757.14,340.85,3,3,3,Loyal Customers
AH-10195,Alan Haines,57,3,1779.51,-366.0,3,3,3,Loyal Customers
EM-13825,Elizabeth Moffitt,57,5,2260.43,436.09,3,4,4,Loyal Customers
TS-21610,Troy Staebel,57,6,2438.33,-67.21,3,5,4,Loyal Customers
GT-14635,Grant Thornton,58,1,3208.42,-3825.34,3,1,5,Potential Loyalists
KM-16375,Katherine Murray,58,4,2364.32,-11.45,3,3,4,Loyal Customers
CA-12265,Christina Anderson,58,6,2215.49,144.27,3,5,4,Loyal Customers
DL-12925,Daniel Lacy,59,1,364.9,24.87,3,1,1,Potential Loyalists
DL-13330,Denise Leinenbach,59,2,174.79,22.59,3,1,1,Potential Loyalists
BF-11275,Beth Fritzler,59,2,520.29,38.0,3,1,1,Potential Loyalists
JC-16105,Julie Creighton,59,2,649.31,62.3,3,1,2,Potential Loyalists
PB-19105,Peter Bühler,59,3,379.67,14.09,3,2,1,Potential Loyalists
KC-16675,Kimberly Carter,59,3,1307.66,150.96,3,2,3,Potential Loyalists
BG-11740,Bruce Geld,59,4,1009.46,101.05,3,3,2,Potential Loyalists
CR-12580,Clay Rozendal,59,4,2212.85,74.4,3,3,4,Loyal Customers
EJ-14155,Eva Jacobs,59,4,2244.34,475.36,3,3,4,Loyal Customers
JM-16195,Justin MacKendrick,59,5,1265.14,258.54,3,4,2,Potential Loyalists
DM-13015,Darrin Martin,59,5,2554.19,71.11,3,4,4,Loyal Customers
JO-15145,Jack O'Briant,59,5,3155.18,480.39,3,4,5,Loyal Customers
PG-18895,Paul Gonzalez,59,6,1195.37,230.51,3,4,2,Potential Loyalists
NL-18310,Nancy Lomonaco,60,2,1639.76,301.1,3,2,3,Potential Loyalists
TH-21115,Thea Hudgings,60,3,3301.65,-258.0,3,3,5,Loyal Customers
TB-21175,Thomas Boland,60,3,3769.88,823.12,3,3,5,Loyal Customers
NP-18670,Nora Paige,60,4,3824.48,433.76,3,4,5,Loyal Customers
CS-12505,Cindy Stewart,60,4,5642.78,-6652.72,3,4,5,Loyal Customers
KH-16630,Ken Heidel,60,6,720.56,97.87,3,4,2,Potential Loyalists
AR-10825,Anthony Rawles,60,6,4805.5,475.14,3,5,5,Loyal Customers
SF-20065,Sandra Flanagan,61,3,564.01,113.18,3,2,2,Potential Loyalists
SF-20200,Sarah Foster,61,6,3312.94,315.89,3,5,5,Loyal Customers
CY-12745,Craig Yedwab,62,5,1848.93,290.27,3,4,3,Loyal Customers
AH-10120,Adrian Hane,62,6,1843.38,23.6,3,5,3,Loyal Customers
JK-15625,Jim Karlsson,63,1,966.82,8.86,3,1,2,Potential Loyalists
RA-19945,Ryan Akin,63,2,740.74,-105.5,3,1,2,Potential Loyalists
JK-15205,Jamie Kunitz,63,2,2501.14,557.87,3,2,4,Potential Loyalists
MM-18055,Michelle Moray,63,4,2279.76,-403.66,3,3,4,Loyal Customers
GB-14530,George Bell,64,6,1151.64,-33.25,3,4,2,Potential Loyalists
SA-20830,Sue Ann Reed,65,6,2051.45,160.74,3,5,4,Loyal Customers
TW-21025,Tamara Willingham,66,4,907.5,26.94,3,3,2,Potential Loyalists
MA-17560,Matt Abelman,66,5,617.88,58.51,3,4,2,Potential Loyalists
BF-11215,Benjamin Farhat,67,3,1799.64,501.74,3,3,3,Loyal Customers
OT-18730,Olvera Toch,67,4,3736.66,-1006.55,3,4,5,Loyal Customers
JF-15190,Jamie Frazer,67,5,2570.43,519.74,3,4,4,Loyal Customers
RB-19330,Randy Bradley,70,1,674.82,-74.31,3,1,2,Potential Loyalists
JR-15700,Jocasta Rupert,70,1,900.88,107.98,3,1,2,Potential Loyalists
DW-13195,David Wiener,71,3,785.82,-142.35,3,2,2,Potential Loyalists
HA-14905,Helen Abelman,71,3,1547.51,50.77,3,2,3,Potential Loyalists
TA-21385,Tom Ashbrook,71,3,3715.77,4523.36,3,3,5,Loyal Customers
ML-17395,Marina Lichtenstein,71,4,962.47,203.28,3,3,2,Potential Loyalists
PS-18970,Paul Stevenson,71,4,1045.48,48.37,3,3,2,Potential Loyalists
BD-11620,Brian DeCherney,71,5,1282.42,98.02,3,4,2,Potential Loyalists
PH-18790,Patricia Hirasaki,72,1,885.65,47.89,3,1,2,Potential Loyalists
SL-20155,Sara Luxemburg,72,3,1862.73,440.95,3,3,3,Loyal Customers
FC-14245,Frank Carlisle,72,4,3923.18,1181.63,3,4,5,Loyal Customers
SP-20920,Susan Pistek,72,5,4517.87,-9.53,3,4,5,Loyal Customers
NK-18490,Neil Knudson,72,6,1078.42,119.43,3,4,2,Potential Loyalists
IG-15085,Ivan Gibson,73,2,524.13,147.79,3,1,1,Potential Loyalists
PT-19090,Pete Takahito,73,3,641.39,-12.02,3,2,2,Potential Loyalists
MY-18295,Muhammed Yedwab,73,9,1780.71,-268.57,3,5,3,Loyal Customers
HH-15010,Hilary Holden,74,1,518.39,26.46,3,1,1,Potential Loyalists
MO-17500,Mary O'Rourke,74,3,919.24,53.32,3,2,2,Potential Loyalists
TH-21550,Tracy Hopkins,74,3,3069.05,-990.16,3,3,4,Loyal Customers
MP-17965,Michael Paige,74,5,2562.44,382.4,3,4,4,Loyal Customers
RD-19480,Rick Duston,74,5,2915.91,345.66,3,4,4,Loyal Customers
AJ-10960,Astrea Jones,76,1,139.64,2.77,3,1,1,Potential Loyalists
BF-11020,Barry Französisch,76,6,2764.35,25.5,3,5,4,Loyal Customers
BO-11425,Bobby Odegard,77,1,165.75,57.38,3,1,1,Potential Loyalists
VP-21760,Victoria Pisteka,77,2,2247.46,-932.84,3,2,4,Potential Loyalists
AJ-10780,Anthony Jacobs,77,3,1252.8,202.34,3,2,2,Potential Loyalists
GH-14410,Gary Hansen,77,6,3016.86,-669.14,3,5,4,Loyal Customers
SV-20815,Stuart Van,78,2,154.69,15.45,3,1,1,Potential Loyalists
MC-17275,Marc Crier,78,3,289.58,28.13,3,2,1,Potential Loyalists
RS-19420,Ricardo Sperren,78,4,2324.91,314.52,3,3,4,Loyal Customers
DL-13495,Dionis Lloyd,78,7,3505.74,-103.14,3,5,5,Loyal Customers
AG-10765,Anthony Garverick,79,1,241.85,-66.01,3,1,1,Potential Loyalists
EL-13735,Ed Ludwig,79,2,237.28,27.12,3,1,1,Potential Loyalists
BK-11260,Berenike Kampe,79,3,285.28,23.67,3,2,1,Potential Loyalists
AG-10495,Andrew Gjertsen,80,2,474.67,30.68,3,1,1,Potential Loyalists
CR-12730,Craig Reiter,80,3,1196.18,312.94,3,2,2,Potential Loyalists
SM-20320,Sean Miller,81,2,654.42,34.28,3,1,2,Potential Loyalists
ML-18040,Michelle Lonsdale,81,3,972.08,138.72,3,2,2,Potential Loyalists
SN-20710,Steve Nguyen,81,4,1580.5,357.59,3,3,3,Loyal Customers
SP-20860,Sung Pak,81,4,3386.49,630.58,3,4,5,Loyal Customers
NF-18385,Natalie Fritzler,81,5,2717.49,97.67,3,4,4,Loyal Customers
RW-19690,Robert Waldorf,81,5,4404.65,707.55,3,4,5,Loyal Customers
SW-20245,Scot Wooten,83,4,905.92,18.32,3,3,2,Potential Loyalists
EB-14170,Evan Bailliet,84,2,123.66,7.96,3,1,1,Potential Loyalists
CK-12760,Cyma Kinney,84,5,1324.48,-419.52,3,4,3,Loyal Customers
CP-12085,Cathy Prescott,84,5,5545.22,262.2,3,4,5,Loyal Customers
BP-11050,Barry Pond,85,4,1292.18,207.28,3,3,3,Loyal Customers
GM-14440,Gary McGarr,85,5,1670.37,144.49,3,4,3,Loyal Customers
MG-18145,Mike Gockenbach,86,2,1560.61,196.59,3,2,3,Potential Loyalists
JK-15730,Joe Kamberova,86,6,2255.03,225.57,3,5,4,Loyal Customers
Dp-13240,Dean percer,86,7,5788.73,-913.39,3,5,5,Loyal Customers
CR-12820,Cyra Reiten,87,2,1631.75,81.14,3,2,3,Potential Loyalists
AJ-10945,Ashley Jarboe,87,3,1040.03,201.15,3,2,2,Potential Loyalists
MM-18280,Muhammed MacIntyre,87,5,741.3,42.21,3,4,2,Potential Loyalists
MH-17455,Mark Hamilton,87,5,2417.98,460.58,3,4,4,Loyal Customers
NZ-18565,Nick Zandusky,87,7,1304.88,71.78,3,5,3,Loyal Customers
PO-19195,Phillina Ober,88,1,381.72,28.8,3,1,1,Potential Loyalists
LW-16825,Laurel Workman,90,2,611.94,-391.02,3,1,2,Potential Loyalists
AS-10045,Aaron Smayling,90,6,3368.91,-285.81,3,5,5,Loyal Customers
RF-19735,Roland Fjeld,91,4,2169.5,501.88,3,3,4,Loyal Customers
PV-18985,Paul Van Hugh,91,4,2543.88,439.09,3,3,4,Loyal Customers
BP-11155,Becky Pak,91,5,869.91,215.4,3,4,2,Potential Loyalists
SC-20695,Steve Chapman,91,7,1932.32,336.37,3,5,3,Loyal Customers
RW-19630,Rob Williams,91,7,3369.46,668.06,3,5,5,Loyal Customers
EB-13840,Ellis Ballard,92,2,1022.4,81.7,3,2,2,Potential Loyalists
TN-21040,Tanja Norvell,92,5,2474.66,-881.28,3,4,4,Loyal Customers
BF-10975,Barbara Fisher,93,2,481.2,164.35,3,1,1,Potential Loyalists
CS-11845,Cari Sayre,93,2,1501.5,205.19,3,2,3,Potential Loyalists
BT-11530,Bradley Talbott,93,3,2701.25,342.73,3,3,4,Loyal Customers
ME-18010,Michelle Ellison,94,1,158.17,-6.4,3,1,1,Potential Loyalists
JO-15280,Jas O'Carroll,94,2,450.44,-3.68,3,1,1,Potential Loyalists
MG-17680,Maureen Gastineau,94,2,2728.32,14.18,3,2,4,Potential Loyalists
SC-20575,Sonia Cooley,94,3,385.43,70.27,3,2,1,Potential Loyalists
AS-10630,Ann Steele,94,4,1086.42,75.35,3,3,2,Potential Loyalists
JA-15970,Joseph Airdo,94,6,6262.71,-916.36,3,5,5,Loyal Customers
DS-13030,Darrin Sayre,95,3,2416.12,163.86,3,3,4,Loyal Customers
BD-11725,Bruce Degenhardt,95,5,2518.59,184.49,3,4,4,Loyal Customers
SJ-20125,Sanjit Jacobs,97,11,4931.15,209.94,3,5,5,Loyal Customers
CA-11965,Carol Adams,98,3,453.04,916.46,3,2,1,Potential Loyalists
KW-16435,Katrina Willman,98,3,1133.82,155.28,3,2,2,Potential Loyalists
LS-17200,Luke Schmidt,98,4,906.8,76.47,3,3,2,Potential Loyalists
CT-11995,Carol Triggs,98,5,1592.7,-144.19,3,4,3,Loyal Customers
AG-10900,Arthur Gainer,98,5,2223.81,180.39,3,4,4,Loyal Customers
RB-19360,Raymond Buch,98,6,5041.34,6976.1,3,5,5,Loyal Customers
PB-19150,Philip Brown,99,2,627.6,110.31,3,1,2,Potential Loyalists
FA-14230,Frank Atkinson,99,2,2020.54,292.18,3,2,4,Potential Loyalists
BD-11605,Brian Dahlen,99,3,980.42,212.49,3,2,2,Potential Loyalists
KC-16540,Kelly Collister,99,3,3486.33,660.15,3,3,5,Loyal Customers
PP-18955,Paul Prost,99,4,4546.63,955.14,3,4,5,Loyal Customers
AG-10675,Anna Gayman,99,6,3874.1,-220.43,3,5,5,Loyal Customers
KF-16285,Karen Ferguson,99,6,10941.27,1577.61,3,5,5,Loyal Customers
MH-17785,Maya Herman,100,2,199.94,9.9,3,1,1,Potential Loyalists
KN-16705,Kristina Nunn,100,4,1883.47,326.87,3,3,3,Loyal Customers
DW-13540,Don Weiss,100,5,990.08,69.67,3,4,2,Potential Loyalists
BE-11410,Bobby Elias,100,5,2318.44,755.92,3,4,4,Loyal Customers
AP-10915,Arthur Prichep,100,6,2220.9,158.72,2,5,4,At Risk
MG-17890,Michael Granlund,101,7,1004.9,64.21,2,5,2,At Risk
ML-18265,Muhammed Lee,102,1,295.96,41.51,2,1,1,Lost Customers
BM-11575,Brendan Murry,102,5,1118.89,86.52,2,4,2,At Risk
EB-13870,Emily Burns,102,5,1319.0,3.64,2,4,3,At Risk
DL-12865,Dan Lawera,102,5,1631.32,305.48,2,4,3,At Risk
KT-16480,Kean Thornton,102,6,1727.75,53.93,2,5,3,At Risk
SV-20365,Seth Vernon,103,7,10751.15,1610.0,2,5,5,At Risk
JM-15535,Jessica Myrick,104,4,1300.82,250.68,2,3,3,At Risk
JP-16135,Julie Prescott,104,7,4127.4,295.36,2,5,5,At Risk
PA-19060,Pete Armstrong,105,3,207.73,58.45,2,2,1,Lost Customers
TM-21010,Tamara Manning,105,3,1157.34,206.33,2,2,2,Lost Customers
TP-21415,Tom Prescott,106,4,7456.41,-1151.91,2,4,5,At Risk
MO-17800,Meg O'Connel,106,6,1861.66,186.31,2,5,3,At Risk
BB-10990,Barry Blumstein,107,3,375.98,19.8,2,2,1,Lost Customers
EH-14185,Evan Henry,107,3,803.55,215.69,2,2,2,Lost Customers
JF-15355,Jay Fein,107,5,1044.06,169.09,2,4,2,At Risk
CL-12700,Craig Leslie,107,5,2543.59,229.01,2,4,4,At Risk
TC-21145,Theresa Coyne,108,1,1256.26,265.53,2,1,2,Lost Customers
CC-12145,Charles Crestani,108,3,139.78,16.2,2,2,1,Lost Customers
CL-11890,Carl Ludwig,108,3,1549.46,357.43,2,3,3,At Risk
GM-14500,Gene McClure,108,6,602.52,79.18,2,4,2,At Risk
TB-21520,Tracy Blumstein,109,3,423.93,46.21,2,2,1,Lost Customers
PS-18760,Pamela Stobb,109,4,2411.78,-33.23,2,3,4,At Risk
DB-13555,Dorothy Badders,109,4,3610.92,100.98,2,4,5,At Risk
SG-20605,Speros Goranitis,110,2,264.89,25.46,2,1,1,Lost Customers
JM-15865,John Murray,111,3,762.79,-25.19,2,2,2,Lost Customers
SS-20410,Shahid Shariari,112,2,415.66,58.91,2,1,1,Lost Customers
RC-19960,Ryan Crowe,112,4,434.58,108.98,2,3,1,At Risk
AR-10345,Alex Russell,113,2,299.08,23.95,2,1,1,Lost Customers
SN-20560,Skye Norling,113,3,1488.46,-901.43,2,2,3,Lost Customers
JD-16015,Joy Daniels,114,3,813.25,37.05,2,2,2,Lost Customers
GK-14620,Grace Kelly,114,4,3141.89,1319.0,2,4,4,At Risk
MC-17605,Matt Connell,114,5,1083.4,132.99,2,4,2,At Risk
KD-16495,Keith Dawkins,114,7,1361.27,193.58,2,5,3,At Risk
EM-14095,Eudokia Martin,115,2,255.52,47.56,2,1,1,Lost Customers
EB-14110,Eugene Barchas,115,3,2300.95,140.21,2,3,4,At Risk
TG-21640,Trudy Glocke,116,1,295.82,84.43,2,1,1,Lost Customers
NF-18595,Nicole Fjeld,116,2,500.11,87.85,2,1,1,Lost Customers
JC-15340,Jasper Cacioppo,116,3,162.34,-1.68,2,2,1,Lost Customers
AG-10390,Allen Goldenen,116,3,175.22,1.31,2,2,1,Lost Customers
DM-12955,Dario Medina,116,3,213.78,7.4,2,2,1,Lost Customers
RD-19660,Robert Dilbeck,116,3,2314.62,909.18,2,3,4,At Risk
RD-19900,Ruben Dartt,116,4,1596.91,259.94,2,3,3,At Risk
PF-19225,Phillip Flathmann,116,5,2493.13,591.31,2,4,4,At Risk
MG-17875,Michael Grace,118,2,365.66,32.81,2,1,1,Lost Customers
KB-16405,Katrina Bavinger,119,2,1090.66,230.91,2,2,2,Lost Customers
GM-14695,Greg Maxwell,119,2,1810.05,76.45,2,2,3,Lost Customers
JD-15790,John Dryer,119,3,700.74,46.96,2,2,2,Lost Customers
VM-21835,Vivian Mathis,119,4,491.41,110.13,2,3,1,At Risk
MD-17350,Maribeth Dona,119,4,1653.16,-209.72,2,3,3,At Risk
TH-21235,Tiffany House,119,6,1358.42,95.66,2,4,3,At Risk
JK-16120,Julie Kriz,119,7,2439.94,-165.26,2,5,4,At Risk
HW-14935,Helen Wasserman,119,7,10074.93,2146.96,2,5,5,At Risk
AG-10300,Aleksandra Gannaway,120,2,187.9,22.15,2,1,1,Lost Customers
RK-19300,Ralph Kennedy,121,1,112.19,4.11,2,1,1,Lost Customers
JS-15595,Jill Stevenson,121,2,1239.47,24.67,2,2,2,Lost Customers
Dl-13600,Dorris liebe,121,3,889.44,146.07,2,2,2,Lost Customers
JL-15235,Janet Lee,121,3,1537.71,191.55,2,2,3,Lost Customers
MH-17290,Marc Harrigan,121,4,2794.63,14.58,2,3,4,At Risk
TB-21055,Ted Butterfield,121,5,1840.88,390.21,2,4,3,At Risk
BE-11335,Bill Eplett,121,5,4467.68,1487.77,2,4,5,At Risk
SS-20875,Sung Shariari,122,2,335.75,12.9,2,1,1,Lost Customers
CA-12775,Cynthia Arntzen,122,3,996.34,193.96,2,2,2,Lost Customers
CK-12325,Christine Kargatis,122,3,2106.27,-65.19,2,3,4,At Risk
RW-19540,Rick Wilson,122,4,7035.45,1660.84,2,4,5,At Risk
MS-17770,Maxwell Schwartz,123,3,2107.76,173.79,2,3,4,At Risk
JF-15490,Jeremy Farry,123,6,706.16,50.08,2,4,2,At Risk
BW-11110,Bart Watters,123,6,4469.73,817.89,2,5,5,At Risk
RL-19615,Rob Lucas,123,6,4977.93,335.97,2,5,5,At Risk
ST-20530,Shui Tom,127,2,383.69,12.37,2,1,1,Lost Customers
MR-17545,Mathew Reese,127,2,837.58,153.34,2,2,2,Lost Customers
AR-10405,Allen Rosenblatt,127,3,1851.64,-221.58,2,3,3,At Risk
HJ-14875,Heather Jas,128,4,362.18,69.95,2,3,1,At Risk
SC-20680,Steve Carroll,128,4,409.13,124.93,2,3,1,At Risk
DP-13000,Darren Powers,128,5,717.92,-43.52,2,4,2,At Risk
TM-21490,Tony Molinari,132,3,1307.68,292.52,2,2,3,Lost Customers
SC-20845,Sung Chung,133,2,509.63,31.18,2,1,1,Lost Customers
CM-11815,Candace McMahon,133,4,1963.58,189.24,2,3,3,At Risk
EM-13810,Eleni McCrary,134,2,302.27,68.07,2,1,1,Lost Customers
LR-17035,Lisa Ryan,134,3,1198.06,-288.41,2,2,2,Lost Customers
DO-13435,Denny Ordway,135,5,812.21,91.66,2,4,2,At Risk
PJ-19015,Pauline Johnson,136,5,1983.58,640.16,2,4,3,At Risk
ED-13885,Emily Ducich,137,4,1371.24,77.15,2,3,3,At Risk
EH-13765,Edward Hooks,137,9,9542.99,1164.63,2,5,5,At Risk
BO-11350,Bill Overfelt,139,5,3482.73,278.78,2,4,5,At Risk
NP-18700,Nora Preis,140,4,2977.26,344.87,2,3,4,At Risk
IL-15100,Ivan Liston,144,3,1964.29,458.24,2,3,3,At Risk
FM-14380,Fred McMath,147,6,1375.15,174.01,2,5,3,At Risk
TB-21355,Todd Boyes,148,5,1211.33,268.97,2,4,2,At Risk
SC-20230,Scot Coram,151,4,4455.96,440.14,2,4,5,At Risk
GA-14515,George Ashbrook,151,5,1557.61,192.64,2,4,3,At Risk
EM-13960,Eric Murdock,153,1,203.54,50.37,2,1,1,Lost Customers
LH-16750,Larry Hughes,153,2,403.86,17.66,2,1,1,Lost Customers
HK-14890,Heather Kirkland,153,5,3351.95,416.03,2,4,5,At Risk
GM-14680,Greg Matthias,154,4,1351.56,-179.05,2,3,3,At Risk
EH-14125,Eugene Hildebrand,154,7,2353.64,194.04,2,5,4,At Risk
LB-16795,Laurel Beltran,154,7,4810.11,-30.65,2,5,5,At Risk
EA-14035,Erin Ashbrook,154,8,1804.65,-321.03,2,5,3,At Risk
TC-21475,Tony Chapman,155,6,1229.64,108.86,2,4,2,At Risk
VG-21790,Vivek Gonzalez,156,4,846.83,124.09,2,3,2,At Risk
LA-16780,Laura Armstrong,156,7,6689.91,1576.67,2,5,5,At Risk
MH-17620,Matt Hagelstein,157,3,1481.34,107.69,2,2,3,Lost Customers
GZ-14545,George Zrebassa,159,3,2626.36,816.17,2,3,4,At Risk
EM-14200,Evan Minnotte,160,2,564.13,17.82,2,1,2,Lost Customers
JC-15775,John Castell,160,6,2913.58,187.87,2,5,4,At Risk
HR-14830,Harold Ryan,161,2,3309.81,1000.69,2,2,5,Lost Customers
NM-18445,Nathan Mautz,162,1,120.92,4.35,2,1,1,Lost Customers
AZ-10750,Annie Zypern,162,2,1087.5,47.75,2,2,2,Lost Customers
CP-12340,Christine Phan,162,6,1208.51,225.82,2,4,2,At Risk
PO-19180,Philisse Overcash,162,6,2468.71,332.2,2,5,4,At Risk
EB-13930,Eric Barreto,163,4,775.3,-0.74,2,3,2,At Risk
CS-11860,Cari Schnelling,164,3,323.64,14.92,2,2,1,Lost Customers
SW-20350,Sean Wendt,164,3,1180.04,95.84,2,2,2,Lost Customers
SW-20455,Shaun Weien,164,3,1554.48,175.2,2,3,3,At Risk
AM-10705,Anne McFarland,164,4,3970.36,598.95,2,4,5,At Risk
AJ-10795,Anthony Johnson,168,5,3080.88,655.44,2,4,4,At Risk
AB-10255,Alejandro Ballentine,168,6,1304.68,223.74,2,4,3,At Risk
MM-17260,Magdelene Morse,170,3,1331.06,127.04,2,2,3,Lost Customers
RR-19525,Rick Reed,172,3,742.3,145.61,2,2,2,Lost Customers
NW-18400,Natalie Webber,174,2,318.47,-243.63,2,1,1,Lost Customers
TS-21430,Tom Stivers,174,3,291.37,31.56,2,2,1,Lost Customers
JH-15820,John Huston,176,2,695.89,-19.93,2,1,2,Lost Customers
NS-18640,Noel Staavos,176,7,1929.57,-397.64,2,5,3,At Risk
JC-15385,Jenna Caffey,177,1,1335.11,502.92,2,1,3,Lost Customers
LS-16945,Linda Southworth,180,5,3315.93,-328.59,2,4,5,At Risk
MO-17950,Michael Oakman,182,1,152.0,-2.7,2,1,1,Lost Customers
JK-15640,Jim Kriz,182,1,4429.97,981.3,2,1,5,Lost Customers
RD-19585,Rob Dowd,182,4,422.55,90.49,2,3,1,At Risk
SG-20470,Sheri Gordon,185,2,1089.98,-314.42,2,2,2,Lost Customers
ND-18460,Neil Ducich,185,3,2644.1,379.25,2,3,4,At Risk
TT-21220,Thomas Thornton,185,4,980.07,207.85,2,3,2,At Risk
AA-10315,Alex Avila,186,2,4919.55,-650.6,2,2,5,Lost Customers
FC-14335,Fred Chung,186,3,5510.66,589.12,2,3,5,At Risk
MA-17995,Michelle Arnett,188,3,2028.11,223.6,2,3,4,At Risk
SC-20260,Scott Cohen,189,2,1256.79,200.25,2,2,2,Lost Customers
DB-13405,Denny Blanton,189,2,1679.08,172.58,2,2,3,Lost Customers
SC-20725,Steven Cartwright,189,5,2654.98,757.18,2,4,4,At Risk
SB-20205,Sarah Brown,190,2,648.2,13.32,2,1,2,Lost Customers
MC-17635,Matthew Clasen,191,2,818.21,-289.83,2,2,2,Lost Customers
NH-18610,Nicole Hansen,191,4,2496.08,641.15,2,3,4,At Risk
CJ-12010,Caroline Jumper,191,8,11596.97,858.74,2,5,5,At Risk
AS-10240,Alan Shonely,194,3,399.26,-8.7,2,2,1,Lost Customers
TR-21325,Toby Ritter,195,4,748.74,191.85,2,3,2,At Risk
JE-15475,Jeremy Ellison,195,4,1296.93,219.0,2,3,3,At Risk
PF-19165,Philip Fox,198,3,2085.08,529.32,2,3,4,At Risk
SR-20740,Steven Roelle,198,3,3940.51,1857.84,2,3,5,At Risk
CB-12535,Claudia Bergmann,199,4,2855.4,800.18,2,3,4,At Risk
TS-21205,Thomas Seio,200,2,4245.47,391.12,2,2,5,Lost Customers
SD-20485,Shirley Daniels,202,3,1005.13,-92.39,2,2,2,Lost Customers
SB-20190,Sarah Bern,203,2,1684.45,191.06,2,2,3,Lost Customers
TB-21400,Tom Boeckenhauer,204,3,1379.48,230.72,2,2,3,Lost Customers
ZD-21925,Zuschuss Donatelli,204,4,1349.18,223.25,2,3,3,At Risk
BC-11125,Becky Castell,204,6,2341.1,121.47,2,5,4,At Risk
MT-18070,Michelle Tran,205,2,1117.54,72.54,1,2,2,Lost Customers
BW-11200,Ben Wallace,205,4,1059.08,159.55,1,3,2,At Risk
NC-18625,Noah Childs,206,3,1782.65,-412.42,1,3,3,At Risk
LW-17125,Liz Willingham,207,2,1217.09,170.88,1,2,2,Lost Customers
NR-18550,Nick Radford,212,3,2417.4,98.64,1,3,4,At Risk
BW-11065,Barry Weirich,214,1,353.74,-77.13,1,1,1,Lost Customers
FH-14350,Fred Harton,214,2,2318.04,340.36,1,2,4,Lost Customers
JO-15550,Jesus Ocampo,217,2,238.29,13.4,1,1,1,Lost Customers
DN-13690,Duane Noonan,219,4,1436.44,360.81,1,3,3,At Risk
DW-13480,Dianna Wilson,219,4,1654.0,194.08,1,3,3,At Risk
EH-13945,Eric Hoffmann,219,5,738.02,20.78,1,4,2,At Risk
BM-11785,Bryan Mills,220,4,598.44,63.3,1,3,2,At Risk
VS-21820,Vivek Sundaresam,223,2,407.52,-14.26,1,1,1,Lost Customers
JG-15805,John Grady,225,2,1354.97,169.14,1,2,3,Lost Customers
NC-18340,Nat Carroll,226,2,1406.19,242.88,1,2,3,Lost Customers
JF-15295,Jason Fortune-,227,4,1020.85,50.33,1,3,2,At Risk
TS-21340,Toby Swindell,228,1,214.61,7.29,1,1,1,Lost Customers
SG-20890,Susan Gilcrest,228,2,296.45,-6.65,1,1,1,Lost Customers
AH-10465,Amy Hunt,232,3,870.58,145.96,1,2,2,Lost Customers
KB-16585,Ken Black,232,5,1099.55,337.29,1,4,2,At Risk
AC-10420,Alyssa Crouse,234,2,362.74,-47.47,1,1,1,Lost Customers
CS-12175,Charles Sheldon,234,4,997.25,15.04,1,3,2,At Risk
PS-19045,Penelope Sewall,238,4,4095.82,1066.64,1,4,5,At Risk
TS-21655,Trudy Schmidt,240,3,2622.73,254.83,1,3,4,At Risk
LH-17020,Lisa Hazard,241,2,443.07,-136.41,1,1,1,Lost Customers
MK-18160,Mike Kennedy,242,3,1366.99,250.11,1,2,3,Lost Customers
DB-12970,Darren Budd,243,3,2374.55,149.57,1,3,4,At Risk
DW-13585,Dorothy Wardle,244,5,2883.86,97.72,1,4,4,At Risk
NM-18520,Neoma Murray,246,7,2136.64,815.62,1,5,4,At Risk
HM-14980,Henry MacAllister,249,3,363.94,43.33,1,2,1,Lost Customers
LL-16840,Lauren Leatherbury,251,2,425.55,44.72,1,1,1,Lost Customers
SJ-20500,Shirley Jackson,255,3,1082.66,10.66,1,2,2,Lost Customers
CV-12295,Christina VanderZanden,256,3,1779.81,329.59,1,3,3,At Risk
BE-11455,Brad Eason,256,4,1390.54,19.0,1,3,3,At Risk
AA-10480,Andrew Allen,261,3,1862.05,425.94,1,3,3,At Risk
MG-18205,Mitch Gastineau,266,1,192.74,-1.25,1,1,1,Lost Customers
DB-13360,Dennis Bolton,266,3,941.97,195.51,1,2,2,Lost Customers
BS-11800,Bryan Spruell,267,1,1234.8,116.95,1,1,2,Lost Customers
MS-17365,Maribeth Schnelling,275,4,4477.89,555.53,1,4,5,At Risk
DH-13075,Dave Hallsten,279,2,2056.67,87.38,1,2,4,Lost Customers
BD-11560,Brendan Dodson,280,1,364.58,80.24,1,1,1,Lost Customers
AG-10270,Alejandro Grove,280,2,2491.74,697.8,1,2,4,Lost Customers
MZ-17515,Mary Zewe,284,2,388.74,-7.51,1,1,1,Lost Customers
AC-10660,Anna Chung,284,4,477.98,-23.73,1,3,1,At Risk
CL-12565,Clay Ludtke,286,7,5750.9,1243.4,1,5,5,At Risk
TB-21595,Troy Blackwell,287,3,1347.71,-143.22,1,2,3,Lost Customers
VG-21805,Vivek Grady,288,4,177.84,30.55,1,3,1,At Risk
JK-15325,Jason Klamczynski,289,2,160.22,38.03,1,1,1,Lost Customers
EN-13780,Edward Nazzal,289,3,1766.23,444.96,1,3,3,At Risk
KD-16615,Ken Dana,291,4,1136.16,267.14,1,3,2,At Risk
KS-16300,Karen Seio,297,1,253.88,-6.38,1,1,1,Lost Customers
KB-16315,Karl Braun,298,2,733.98,97.16,1,1,2,Lost Customers
RM-19750,Roland Murray,301,1,286.35,28.69,1,1,1,Lost Customers
JD-16060,Julia Dunbar,302,1,669.71,131.89,1,1,2,Lost Customers
EJ-13720,Ed Jacobs,304,1,1284.79,423.73,1,1,3,Lost Customers
RE-19450,Richard Eichhorn,304,2,130.49,23.07,1,1,1,Lost Customers
BT-11395,Bill Tyler,304,2,436.26,-11.63,1,1,1,Lost Customers
BM-11140,Becky Martin,310,3,1273.73,218.83,1,2,2,Lost Customers
SV-20785,Stewart Visinsky,323,2,1380.88,86.24,1,2,3,Lost Customers
SP-20545,Sibella Parks,330,5,1415.33,-121.59,1,4,3,At Risk
BD-11770,Bryan Davis,330,6,772.47,141.26,1,4,2,At Risk
BV-11245,Benjamin Venier,337,3,1328.92,232.95,1,2,3,Lost Customers
BT-11305,Beth Thompson,339,1,420.71,39.23,1,1,1,Lost Customers
TG-21310,Toby Gnade,340,3,2211.85,880.5,1,3,4,At Risk
CG-12520,Claire Gute,341,2,1135.06,263.31,1,2,2,Lost Customers
TH-21100,Thea Hendricks,347,2,212.64,19.24,1,1,1,Lost Customers
RM-19375,Raymond Messe,348,3,1471.73,358.36,1,2,3,Lost Customers
SC-20095,Sanjit Chand,352,3,1131.5,202.15,1,2,2,Lost Customers
TB-21250,Tim Brockman,352,4,1001.49,-71.73,1,3,2,At Risk
TP-21565,Tracy Poddar,353,3,1914.8,104.49,1,3,3,At Risk
DA-13450,Dianna Arnett,355,1,302.76,35.06,1,1,1,Lost Customers
TS-21085,Thais Sissman,360,1,93.81,-1.97,1,1,1,Lost Customers
DP-13390,Dennis Pardue,361,4,4957.07,1711.89,1,4,5,At Risk
FW-14395,Fred Wasserman,365,2,159.19,18.01,1,1,1,Lost Customers
CJ-11875,Carl Jackson,368,1,16.52,1.65,1,1,1,Lost Customers
MC-18130,Mike Caudle,372,2,1444.04,86.96,1,2,3,Lost Customers
RC-19825,Roy Collins,372,5,941.85,57.11,1,4,2,At Risk
MH-17440,Mark Haberlin,379,2,279.27,12.58,1,1,1,Lost Customers
CM-12235,Chris McAfee,388,5,2305.71,365.04,1,4,4,At Risk
LH-17155,Logan Haushalter,388,7,1503.24,212.07,1,5,3,At Risk
PM-18940,Paul MacIntyre,389,1,1056.86,158.53,1,1,2,Lost Customers
SP-20650,Stephanie Phelps,389,5,1346.66,100.24,1,4,3,At Risk
GH-14485,Gene Hale,390,1,288.46,-24.49,1,1,1,Lost Customers
IM-15070,Irene Maddox,393,3,1108.98,329.76,1,2,2,Lost Customers
RF-19345,Randy Ferguson,393,3,2695.72,438.61,1,3,4,At Risk
LM-17065,Liz MacKendrick,394,2,53.87,21.54,1,1,1,Lost Customers
KT-16465,Kean Takahito,394,3,1626.35,156.4,1,3,3,At Risk
JD-15895,Jonathan Doherty,397,7,5181.11,1179.84,1,5,5,At Risk
CD-12790,Cynthia Delaney,402,2,1131.6,361.14,1,2,2,Lost Customers
TC-20980,Tamara Chand,402,2,1344.05,8764.95,1,2,3,Lost Customers
MC-17425,Mark Cousins,402,3,3581.76,1610.2,1,3,5,At Risk
CA-12055,Cathy Armstrong,404,4,1589.86,258.98,1,3,3,At Risk
JH-16180,Justin Hirsh,407,2,1083.1,-203.36,1,2,2,Lost Customers
EH-13990,Erica Hackney,408,2,479.19,67.9,1,1,1,Lost Customers
NP-18685,Nora Pelletier,409,2,98.96,31.42,1,1,1,Lost Customers
TT-21265,Tim Taslimi,409,2,116.4,32.53,1,1,1,Lost Customers
KC-16255,Karen Carlisle,410,3,1401.86,523.07,1,2,3,Lost Customers
IM-15055,Ionia McGrath,412,2,2832.55,956.53,1,2,4,Lost Customers
ON-18715,Odella Nelson,413,3,853.45,-157.53,1,2,2,Lost Customers
AH-10690,Anna Häberlin,413,6,5764.77,1144.07,1,5,5,At Risk
MS-17710,Maurice Satty,416,2,519.76,-93.1,1,1,1,Lost Customers
LD-17005,Lisa DeCherney,417,3,352.61,111.27,1,2,1,Lost Customers
AF-10885,Art Foster,418,1,53.7,-5.75,1,1,1,Lost Customers
AB-10015,Aaron Bergman,418,1,563.94,116.87,1,1,1,Lost Customers
SM-20005,Sally Matthias,424,2,103.32,-77.84,1,1,1,Lost Customers
ER-13855,Elpida Rittenbach,424,2,1184.8,-300.31,1,2,2,Lost Customers
MF-17665,Maureen Fritzler,424,4,385.05,118.46,1,3,1,At Risk
CS-12490,Cindy Schnelling,427,3,687.79,-244.73,1,2,2,Lost Customers
SS-20590,Sonia Sunley,435,4,322.94,112.38,1,3,1,At Risk
MS-17530,MaryBeth Skach,437,1,116.96,36.04,1,1,1,Lost Customers
CM-12445,Chuck Magee,439,2,257.53,53.66,1,1,1,Lost Customers
LC-16960,Lindsay Castell,439,2,532.18,21.28,1,1,1,Lost Customers
MS-17830,Melanie Seite,455,1,239.37,-23.94,1,1,1,Lost Customers
CC-12100,Chad Cunningham,460,2,126.09,-11.71,1,1,1,Lost Customers
JW-16075,Julia West,464,2,105.26,20.38,1,1,1,Lost Customers
JS-15940,Joni Sundaresam,466,2,184.32,-18.75,1,1,1,Lost Customers
PW-19240,Pierre Wener,467,2,10.09,-0.59,1,1,1,Lost Customers
RH-19510,Rick Huthwaite,470,3,5973.97,1152.82,1,3,5,At Risk
CR-12625,Corey Roper,473,1,121.78,30.45,1,1,1,Lost Customers
DM-13525,Don Miller,484,1,52.1,18.17,1,1,1,Lost Customers
PK-18910,Paul Knutson,486,1,1422.25,-807.78,1,1,3,Lost Customers
JJ-15445,Jennifer Jackson,486,2,63.95,18.71,1,1,1,Lost Customers
KD-16270,Karen Daniels,487,3,6317.16,2318.71,1,3,5,At Risk
CS-12130,Chad Sievert,492,1,124.06,13.75,1,1,1,Lost Customers
SS-20515,Shirley Schmidt,494,1,47.97,14.87,1,1,1,Lost Customers
RP-19270,Rachel Payne,499,1,33.44,11.7,1,1,1,Lost Customers
AO-10810,Anthony O'Donnell,504,1,161.28,12.1,1,1,1,Lost Customers
TS-21160,Theresa Swint,507,3,1025.61,-48.92,1,2,2,Lost Customers
RH-19555,Ritsa Hightower,522,1,732.16,6.34,1,1,2,Lost Customers
NF-18475,Neil Französisch,528,1,11.42,-18.84,1,1,1,Lost Customers
RH-19600,Rob Haberlin,537,1,29.0,7.25,1,1,1,Lost Customers
AR-10570,Anemone Ratner,537,1,88.15,32.63,1,1,1,Lost Customers
SW-20755,Steven Ward,537,1,663.96,48.52,1,1,2,Lost Customers
JS-15880,John Stevenson,537,3,1977.94,266.75,1,3,3,At Risk
Co-12640,Corey-Lock,552,1,191.88,19.19,1,1,1,Lost Customers
LD-16855,Lela Donovan,555,1,5.3,0.46,1,1,1,Lost Customers
MG-17695,Maureen Gnade,558,1,835.17,16.7,1,1,2,Lost Customers
BS-11365,Bill Shonely,561,2,9199.78,2405.36,1,2,5,Lost Customers
BT-11440,Bobby Trafton,563,2,149.16,-71.9,1,1,1,Lost Customers
VD-21670,Valerie Dominguez,584,1,185.88,50.19,1,1,1,Lost Customers
BS-11665,Brian Stugart,585,1,1328.13,62.27,1,1,3,Lost Customers
TB-21280,Toby Braunhardt,586,3,1396.94,290.82,1,2,3,Lost Customers
JR-15670,Jim Radford,596,1,552.56,0.0,1,1,1,Lost Customers
SM-20905,Susan MacKendrick,609,1,1043.04,-237.29,1,1,2,Lost Customers
JL-15850,John Lucas,617,1,108.42,-37.94,1,1,1,Lost Customers
DJ-13420,Denny Joy,640,1,1454.9,378.27,1,1,3,Lost Customers
RB-19645,Robert Barroso,651,1,58.58,19.33,1,1,1,Lost Customers
BT-11485,Brad Thomas,662,1,30.34,9.48,1,1,1,Lost Customers
PB-19210,Phillip Breyer,690,1,69.93,0.7,1,1,1,Lost Customers
CH-12070,Cathy Hwang,693,1,1127.98,126.9,1,1,2,Lost Customers
DF-13135,David Flashing,702,1,2067.8,-397.13,1,1,4,Lost Customers
CM-11935,Carlos Meador,710,1,530.27,-56.9,1,1,1,Lost Customers
MP-17470,Mark Packer,721,1,54.99,8.94,1,1,1,Lost Customers
DE-13255,Deanra Eno,721,1,94.45,16.15,1,1,1,Lost Customers
